Baxy Twort,btwort0@geocities.com
Laurena Davidde,ldavidde1@newyorker.com
Matias Rival,mrival2@blog.com
Carmelita Viollet,cviollet3@apache.org
Natasha Killelay,nkillelay4@csmonitor.com
Coop Gellan,cgellan5@ihg.com
Cass Callear,ccallear6@elegantthemes.com
Freemon Murphey,fmurphey7@businesswire.com
Farlie Lawey,flawey8@xinhuanet.com
Miriam Willgoss,mwillgoss9@nsw.gov.au
Marline Playfoot,mplayfoota@eventbrite.com
Tynan Mulroy,tmulroyb@uol.com.br
Devan Golde,dgoldec@prweb.com
Wynnie Joriot,wjoriotd@addtoany.com
Bartolemo Spottiswoode,bspottiswoodee@desdev.cn
Lucius Otley,lotleyf@google.co.uk
Tani Tellett,ttellettg@usnews.com
Eliot Crickmore,ecrickmoreh@biblegateway.com
Cindee Reims,creimsi@answers.com
Amalia Lyvon,alyvonj@spotify.com
Briggs Dudmesh,bdudmeshk@about.me
Anthony Mougel,amougell@wiley.com
Sholom Mattei,smatteim@123-reg.co.uk
Bunny Hadley,bhadleyn@icio.us
Clay Blackwell,cblackwello@privacy.gov.au
Herminia Hould,hhouldp@stanford.edu
Porter Pollastrino,ppollastrinoq@salon.com
Nan Milnes,nmilnesr@cnet.com
Hakeem Varley,hvarleys@list-manage.com
Lilla Mongin,lmongint@jalbum.net
Colline Esslemont,cesslemontu@miibeian.gov.cn
Sigismond Arundell,sarundellv@wiley.com
Jeno Lyddon,jlyddonw@hud.gov
Jamill Ghilardini,jghilardinix@narod.ru
Cece Liddiard,cliddiardy@cmu.edu
Jo-ann Esche,jeschez@jugem.jp
Cos Sieghard,csieghard10@a8.net
Marilee Sedgmond,msedgmond11@opera.com
Marylou Postins,mpostins12@latimes.com
Alain Girodias,agirodias13@e-recht24.de
Reinald Testo,rtesto14@who.int
Nichols Mitchard,nmitchard15@csmonitor.com
Giff Compton,gcompton16@ftc.gov
Ashlin Bodimeade,abodimeade17@weibo.com
Bay Noyce,bnoyce18@stanford.edu
Eolande Chetwind,echetwind19@hexun.com
Janeczka Pickersail,jpickersail1a@jiathis.com
Tallia Spiby,tspiby1b@last.fm
Andeee Sedgefield,asedgefield1c@harvard.edu
Doris Campelli,dcampelli1d@google.pl
Tedi Rembaud,trembaud1e@bbc.co.uk
Berrie Nightingale,bnightingale1f@slideshare.net
Maurie Bickardike,mbickardike1g@go.com
Harley Bagguley,hbagguley1h@quantcast.com
Lynett Zoppie,lzoppie1i@nsw.gov.au
Aleece Myderscough,amyderscough1j@livejournal.com
Kara-lynn Silburn,ksilburn1k@examiner.com
Ricca Fery,rfery1l@epa.gov
Darcy Forrester,dforrester1m@ca.gov
Denny Findlater,dfindlater1n@a8.net
Dwain Whittlesea,dwhittlesea1o@ucsd.edu
Claudius Middle,cmiddle1p@unc.edu
Karrah Ruffey,kruffey1q@addthis.com
Dedie MacWilliam,dmacwilliam1r@clickbank.net
Matti Simister,msimister1s@wp.com
Lynna Girod,lgirod1t@a8.net
Scotti Been,sbeen1u@twitpic.com
Joe McLenahan,jmclenahan1v@mediafire.com
Lalo Baybutt,lbaybutt1w@so-net.ne.jp
Dulcia Troke,dtroke1x@theglobeandmail.com
Merna Malshinger,mmalshinger1y@google.co.uk
Connie Jewess,cjewess1z@comcast.net
Iain Bette,ibette20@godaddy.com
Bryna Birchenhead,bbirchenhead21@oracle.com
Lock Radbourne,lradbourne22@yahoo.com
Dominica Scorey,dscorey23@creativecommons.org
Giffard Fenby,gfenby24@accuweather.com
Wynn Finnigan,wfinnigan25@amazon.co.jp
Quinta Vanetti,qvanetti26@nba.com
Beth Arendsen,barendsen27@comsenz.com
Mae Perrington,mperrington28@edublogs.org
Drusy Permain,dpermain29@springer.com
Brand Greenwell,bgreenwell2a@phpbb.com
Guido Treneer,gtreneer2b@buzzfeed.com
Karlyn Maughan,kmaughan2c@yelp.com
Eada Marielle,emarielle2d@hao123.com
Kari Sertin,ksertin2e@un.org
Sanderson Cotton,scotton2f@kickstarter.com
Juliane Kewzick,jkewzick2g@storify.com
Donavon Ary,dary2h@geocities.com
Willey Naismith,wnaismith2i@ebay.co.uk
Marna Fullicks,mfullicks2j@who.int
Zorine Brecknall,zbrecknall2k@discovery.com
Andy Grabb,agrabb2l@tinypic.com
Bobbie Pebworth,bpebworth2m@howstuffworks.com
Alister Barlee,abarlee2n@printfriendly.com
Ernst Riseborough,eriseborough2o@netvibes.com
Sig Solomonides,ssolomonides2p@cdc.gov
Gunar Muzzollo,gmuzzollo2q@blogspot.com
Dore Summers,dsummers2r@prnewswire.com
Marchelle Ulster,mulster2s@dion.ne.jp
Catie Treace,ctreace2t@usgs.gov
Norman Coggon,ncoggon2u@ihg.com
Mala McGebenay,mmcgebenay2v@so-net.ne.jp
Carroll Jiles,cjiles2w@mac.com
Otho Tilling,otilling2x@cbc.ca
Eli Mangeney,emangeney2y@admin.ch
Elonore Mallabon,emallabon2z@wix.com
Calhoun Fussey,cfussey30@hostgator.com
Waiter Perell,wperell31@cyberchimps.com
Julianne Boarder,jboarder32@psu.edu
Byrom Sinyard,bsinyard33@reddit.com
Chick Gornar,cgornar34@paypal.com
Allie Karpmann,akarpmann35@cnbc.com
Alysa Sheed,asheed36@de.vu
Northrup Theis,ntheis37@github.io
Ford Kinder,fkinder38@simplemachines.org
Andi Darnody,adarnody39@house.gov
Nari Easterbrook,neasterbrook3a@imageshack.us
Murvyn O' Cuolahan,mo3b@google.pl
Lydia Gwyn,lgwyn3c@liveinternet.ru
Sandi Pickersail,spickersail3d@samsung.com
Chane Kendal,ckendal3e@chron.com
Stormy Notman,snotman3f@statcounter.com
Ruy Dmitrienko,rdmitrienko3g@imgur.com
Marco Polye,mpolye3h@theatlantic.com
Matthaeus Allsupp,mallsupp3i@amazon.co.uk
Janelle Malcher,jmalcher3j@washingtonpost.com
Kit Hegg,khegg3k@europa.eu
Inger Deely,ideely3l@1und1.de
Eolande Stickney,estickney3m@bloglovin.com
Ricca Di Pietro,rdi3n@ovh.net
Nikaniki Chelsom,nchelsom3o@naver.com
Sinclair Sedgebeer,ssedgebeer3p@ca.gov
Fanechka Terzi,fterzi3q@dedecms.com
Cleveland Girodon,cgirodon3r@google.com.au
Carmelia Quinlan,cquinlan3s@addthis.com
Rube Tathacott,rtathacott3t@google.fr
Delores Earnshaw,dearnshaw3u@ebay.com
Dorie Eccleshare,deccleshare3v@yellowbook.com
Corty Hurley,churley3w@constantcontact.com
Carmelina Mapham,cmapham3x@icio.us
Bonnie Tink,btink3y@blog.com
Gael Cannaway,gcannaway3z@gizmodo.com
Gina Dmitrichenko,gdmitrichenko40@elpais.com
Bay McCaw,bmccaw41@businessweek.com
Zita Leiden,zleiden42@godaddy.com
Blythe Adshad,badshad43@nbcnews.com
Redford Raine,rraine44@arstechnica.com
Sharron Sharram,ssharram45@unc.edu
Lexine Deverell,ldeverell46@amazonaws.com
Reg Lainton,rlainton47@businessinsider.com
Charin Bedboro,cbedboro48@whitehouse.gov
Neddie Cicchinelli,ncicchinelli49@privacy.gov.au
Kelli Peeter,kpeeter4a@quantcast.com
Evonne Tomkies,etomkies4b@yellowpages.com
Theodora Vasler,tvasler4c@mtv.com
Pattie Birtwisle,pbirtwisle4d@ucoz.com
Launce Summerfield,lsummerfield4e@timesonline.co.uk
Northrup O'Donoghue,nodonoghue4f@spiegel.de
Jennette Levicount,jlevicount4g@tripod.com
King Bukowski,kbukowski4h@nhs.uk
Aubrette Gloucester,agloucester4i@cocolog-nifty.com
Adolph Adlard,aadlard4j@discovery.com
Ritchie Fadell,rfadell4k@abc.net.au
Sallyann Kaas,skaas4l@free.fr
Melany Winder,mwinder4m@taobao.com
Gregor Drinnan,gdrinnan4n@alibaba.com
Rochella McGourty,rmcgourty4o@epa.gov
Grove Murrells,gmurrells4p@princeton.edu
Berni Voss,bvoss4q@newsvine.com
Lloyd Ody,lody4r@skyrock.com
Kim Keiling,kkeiling4s@huffingtonpost.com
Kata Chifney,kchifney4t@apple.com
Lelia Yarrington,lyarrington4u@t-online.de
Danice Rewcastle,drewcastle4v@php.net
Dieter Size,dsize4w@ftc.gov
Madelaine Chartres,mchartres4x@qq.com
Titus Vosse,tvosse4y@ftc.gov
Mattie Boots,mboots4z@hc360.com
Vernon Keays,vkeays50@businessinsider.com
Elysee Swett,eswett51@icio.us
Ethelind Tapsell,etapsell52@rakuten.co.jp
Dominic Dumbare,ddumbare53@livejournal.com
Avrit Embury,aembury54@yolasite.com
Lisabeth Corstan,lcorstan55@google.nl
Giffie Oatley,goatley56@woothemes.com
Kelcie Dowley,kdowley57@360.cn
Bobette Branson,bbranson58@t-online.de
Timmy Lowles,tlowles59@friendfeed.com
Karyl McGhie,kmcghie5a@wufoo.com
Hettie Dalglish,hdalglish5b@histats.com
Jarad Lambol,jlambol5c@prnewswire.com
Kendal Anthon,kanthon5d@vk.com
Coraline Luety,cluety5e@mayoclinic.com
Franchot Wade,fwade5f@baidu.com
Taddeusz Arundale,tarundale5g@ameblo.jp
Sauncho Dring,sdring5h@clickbank.net
Thor Frantzeni,tfrantzeni5i@phoca.cz
Nolly Stanney,nstanney5j@sourceforge.net
Darrick Putton,dputton5k@123-reg.co.uk
Tana Signorelli,tsignorelli5l@e-recht24.de
Eleen Harrismith,eharrismith5m@nifty.com
Demetri Edgerly,dedgerly5n@bizjournals.com
Rolando Ferraretto,rferraretto5o@wikipedia.org
Winna Beine,wbeine5p@domainmarket.com
Roanne Melsome,rmelsome5q@paypal.com
Fina Pickerin,fpickerin5r@cbc.ca
Kynthia de Quincey,kde5s@123-reg.co.uk
Ranice Klaaasen,rklaaasen5t@accuweather.com
Alikee Cleal,acleal5u@is.gd
Frederico Methley,fmethley5v@yolasite.com
Abbey Gerrard,agerrard5w@squidoo.com
Far Towey,ftowey5x@si.edu
Maybelle Dourin,mdourin5y@is.gd
Hill Attersoll,hattersoll5z@nydailynews.com
Brita Goodfellowe,bgoodfellowe60@mashable.com
Isak Meo,imeo61@nsw.gov.au
Engracia Pyne,epyne62@gizmodo.com
Murial Mower,mmower63@mayoclinic.com
Lyssa Forrington,lforrington64@paypal.com
Tiena Stileman,tstileman65@nsw.gov.au
Ashley Aymes,aaymes66@networksolutions.com
Johnathan Storrock,jstorrock67@so-net.ne.jp
Alfy McClory,amcclory68@histats.com
Selene Lunk,slunk69@trellian.com
Filberto Rojel,frojel6a@archive.org
Bennie Morey,bmorey6b@godaddy.com
Blondie Ramalhete,bramalhete6c@moonfruit.com
Evered Hobgen,ehobgen6d@cnet.com
Hendrika Kingcote,hkingcote6e@mysql.com
Simone Davoren,sdavoren6f@fastcompany.com
Perice Marquess,pmarquess6g@sciencedirect.com
Marya Haycox,mhaycox6h@businessinsider.com
Arvie Farington,afarington6i@1688.com
Bryce Bines,bbines6j@comsenz.com
Irma Carrel,icarrel6k@nba.com
Lauren Ferruzzi,lferruzzi6l@smugmug.com
Carmita Aloshechkin,caloshechkin6m@parallels.com
Garry Skoof,gskoof6n@thetimes.co.uk
Esmeralda Simecek,esimecek6o@shareasale.com
Janela Thebe,jthebe6p@tripod.com
Joelynn Woolstenholmes,jwoolstenholmes6q@deviantart.com
Edeline Buddleigh,ebuddleigh6r@google.pl
Averill Glassman,aglassman6s@discuz.net
Aurore MacDonough,amacdonough6t@webs.com
Emmy Polle,epolle6u@nifty.com
Kennie Stubbert,kstubbert6v@cocolog-nifty.com
Thurstan Locksley,tlocksley6w@devhub.com
Cordula Christofides,cchristofides6x@hhs.gov
Vicky Treadway,vtreadway6y@sciencedaily.com
Nerty Serman,nserman6z@cocolog-nifty.com
Tris Lacknor,tlacknor70@blog.com
Mort Bleesing,mbleesing71@elpais.com
Stacy Semble,ssemble72@alibaba.com
Shannon Josef,sjosef73@mozilla.com
Jillene Orts,jorts74@wikispaces.com
Gwenette Kibbey,gkibbey75@list-manage.com
Rock Nutkins,rnutkins76@artisteer.com
Minette Hunton,mhunton77@storify.com
Allis Townshend,atownshend78@goo.ne.jp
Jacquenetta Darville,jdarville79@yolasite.com
Antone Salterne,asalterne7a@apache.org
Gideon Roser,groser7b@skyrock.com
Mirabel Gregorio,mgregorio7c@bbb.org
Wallie Maskall,wmaskall7d@typepad.com
Marie Lyptratt,mlyptratt7e@state.gov
Gianna Whiffin,gwhiffin7f@ehow.com
Vevay Donnan,vdonnan7g@canalblog.com
Kelli Rawling,krawling7h@elegantthemes.com
Jakie Plevin,jplevin7i@liveinternet.ru
Addy Rives,arives7j@yellowpages.com
Antonina Presho,apresho7k@joomla.org
Darrell Woan,dwoan7l@cbc.ca
Rochell Gebuhr,rgebuhr7m@sourceforge.net
Filbert Cronshaw,fcronshaw7n@cloudflare.com
Helenelizabeth Hackley,hhackley7o@gnu.org
Noah Colbron,ncolbron7p@360.cn
Corbie Callaby,ccallaby7q@nsw.gov.au
Sergio Fulleylove,sfulleylove7r@g.co
Jordain Vasilevich,jvasilevich7s@ucoz.ru
Neddy Arnott,narnott7t@japanpost.jp
Dore Wheeliker,dwheeliker7u@wunderground.com
Monti Foyston,mfoyston7v@360.cn
Debor Quodling,dquodling7w@myspace.com
Wolfgang Klimschak,wklimschak7x@elpais.com
Ben Slisby,bslisby7y@biglobe.ne.jp
Mala Guiver,mguiver7z@sitemeter.com
Skipper Lathan,slathan80@fotki.com
Corella Rosbottom,crosbottom81@sphinn.com
Lefty Bendell,lbendell82@blinklist.com
Ilyssa Streetley,istreetley83@theguardian.com
Nannie Simukov,nsimukov84@paginegialle.it
Adrianna Loines,aloines85@theglobeandmail.com
Talbert Battrick,tbattrick86@nationalgeographic.com
Kirk Sabben,ksabben87@infoseek.co.jp
Xylia Pahler,xpahler88@exblog.jp
Tanya Keysall,tkeysall89@surveymonkey.com
Nicolas Iannelli,niannelli8a@symantec.com
Sapphire Axcell,saxcell8b@sfgate.com
Eb Goakes,egoakes8c@slashdot.org
Joli Fearnall,jfearnall8d@netvibes.com
Westbrook Tongs,wtongs8e@marriott.com
Demott Farryann,dfarryann8f@gnu.org
Anderson Mahomet,amahomet8g@jiathis.com
Gaelan Click,gclick8h@imageshack.us
Quillan Biskupek,qbiskupek8i@apache.org
Barrie Tierny,btierny8j@biblegateway.com
Janela Kneesha,jkneesha8k@ed.gov
Milena Spaule,mspaule8l@fc2.com
Adelaida Hamlin,ahamlin8m@msu.edu
Ulrikaumeko Greenway,ugreenway8n@cyberchimps.com
Vinni Parramore,vparramore8o@cdc.gov
Cathy Beert,cbeert8p@prnewswire.com
Bentlee Heinrich,bheinrich8q@blogtalkradio.com
Willow Eat,weat8r@angelfire.com
Deeyn Esilmon,desilmon8s@gnu.org
Noel Balazot,nbalazot8t@blogger.com
Marshall Carolan,mcarolan8u@canalblog.com
Teddy Dedenham,tdedenham8v@ftc.gov
Buiron Fendlow,bfendlow8w@time.com
Lek Mathely,lmathely8x@meetup.com
Ilene Haliburton,ihaliburton8y@fastcompany.com
Dwain Bangle,dbangle8z@people.com.cn
Anson Gounet,agounet90@narod.ru
Orran Monument,omonument91@mac.com
Krishna Scrace,kscrace92@ft.com
Kaleb Hyne,khyne93@salon.com
Verile Konert,vkonert94@edublogs.org
Lianne Patriche,lpatriche95@flavors.me
Ranique Lambourne,rlambourne96@ed.gov
Barry Turrell,bturrell97@sbwire.com
Elspeth Daborne,edaborne98@about.me
Eldridge Livezley,elivezley99@tumblr.com
Ariel Bachshell,abachshell9a@oracle.com
Andris Tantrum,atantrum9b@tiny.cc
Martelle Scotney,mscotney9c@cnet.com
Jessika Cuthill,jcuthill9d@disqus.com
Renault Nail,rnail9e@plala.or.jp
Jorgan Bamblett,jbamblett9f@cmu.edu
Brook Goady,bgoady9g@aol.com
Winona Kingerby,wkingerby9h@usatoday.com
Mil Heatherington,mheatherington9i@unicef.org
Cordelie Hardison,chardison9j@opensource.org
Celestyna Whettleton,cwhettleton9k@cnn.com
Clara O'Hallihane,cohallihane9l@nba.com
Indira Koch,ikoch9m@cafepress.com
Lenka Gubbin,lgubbin9n@statcounter.com
Annamarie Lesley,alesley9o@shareasale.com
Holmes Pettecrew,hpettecrew9p@latimes.com
Delcina Castanone,dcastanone9q@cam.ac.uk
Darius Hatrey,dhatrey9r@altervista.org
Sashenka Brightman,sbrightman9s@mac.com
Francklin Chaulk,fchaulk9t@vimeo.com
Arty Momery,amomery9u@domainmarket.com
Ebonee Dallow,edallow9v@jugem.jp
Bethena Levins,blevins9w@wsj.com
Janelle Mattevi,jmattevi9x@usa.gov
Gunilla Kilbourne,gkilbourne9y@freewebs.com
Reid Mankor,rmankor9z@marketwatch.com
Jarrett Skoggings,jskoggingsa0@washington.edu
Martica Minthorpe,mminthorpea1@fc2.com
Algernon Farington,afaringtona2@sourceforge.net
Garfield Punt,gpunta3@odnoklassniki.ru
Rob Brummell,rbrummella4@epa.gov
Latisha Emery,lemerya5@reverbnation.com
Vanni Tregear,vtregeara6@rakuten.co.jp
Opaline Weine,oweinea7@accuweather.com
Allyson Lilion,aliliona8@java.com
Karly Peattie,kpeattiea9@unicef.org
Vicky Hollyland,vhollylandaa@earthlink.net
Ines Sincock,isincockab@ft.com
Stephan Scolts,sscoltsac@cnbc.com
Symon Bursnoll,sbursnollad@wufoo.com
Morganne Dore,mdoreae@weibo.com
Inga Dutson,idutsonaf@i2i.jp
Patrick Barras,pbarrasag@amazon.co.jp
Kiel Brame,kbrameah@abc.net.au
Clarinda Mirralls,cmirrallsai@buzzfeed.com
Christian Lundy,clundyaj@surveymonkey.com
Vivia Nutty,vnuttyak@jigsy.com
Annecorinne Watkiss,awatkissal@sina.com.cn
Mureil Horburgh,mhorburgham@geocities.jp
Tam Fancy,tfancyan@oaic.gov.au
Cassandra Raunds,craundsao@ed.gov
Marlane Roughsedge,mroughsedgeap@t-online.de
Danni Broek,dbroekaq@arstechnica.com
Orelia Nary,onaryar@deliciousdays.com
Kellen Adel,kadelas@wp.com
Abigale Tams,atamsat@t.co
Herbert Volkers,hvolkersau@engadget.com
Edie Sangra,esangraav@diigo.com
Emelina Goldsberry,egoldsberryaw@edublogs.org
Tally Izkovitz,tizkovitzax@studiopress.com
Jobey Franzetti,jfranzettiay@dmoz.org
Adolphe Redington,aredingtonaz@scientificamerican.com
Carney Sarney,csarneyb0@gizmodo.com
Sidonnie Gradley,sgradleyb1@fotki.com
Mahmoud Ladbury,mladburyb2@flickr.com
Kalila Steventon,ksteventonb3@msn.com
Patricio Ewer,pewerb4@digg.com
Nanice Wyllis,nwyllisb5@sbwire.com
Leonelle Rainard,lrainardb6@last.fm
Arliene Buy,abuyb7@gizmodo.com
Roz Patria,rpatriab8@amazon.de
Geri Bold,gboldb9@hibu.com
Marketa Manwaring,mmanwaringba@springer.com
Nance Murfin,nmurfinbb@gravatar.com
Rollo Ewers,rewersbc@newyorker.com
Alisa Kneeshaw,akneeshawbd@dropbox.com
Mackenzie Jodkowski,mjodkowskibe@intel.com
Siana Cassar,scassarbf@google.pl
Susanna Pes,spesbg@amazon.de
Cassie Grix,cgrixbh@exblog.jp
Marietta Curryer,mcurryerbi@youtu.be
Forrester Smalman,fsmalmanbj@hostgator.com
Dev Ebunoluwa,debunoluwabk@reddit.com
Iorgos Collier,icollierbl@sbwire.com
Ruprecht Dearle-Palser,rdearlepalserbm@youtube.com
Ronalda Gian,rgianbn@fc2.com
Israel Cruden,icrudenbo@zdnet.com
Doralynne Wiskar,dwiskarbp@paginegialle.it
Eleonora Teodori,eteodoribq@marriott.com
Lilla Warrell,lwarrellbr@angelfire.com
Valerie Huchot,vhuchotbs@illinois.edu
Nikkie McGown,nmcgownbt@lulu.com
Kacy Czaple,kczaplebu@ucoz.ru
Riannon Prenty,rprentybv@360.cn
Kellyann Chitham,kchithambw@miibeian.gov.cn
Agatha Blondelle,ablondellebx@facebook.com
Sebastian Penley,spenleyby@smh.com.au
Patton Henrot,phenrotbz@so-net.ne.jp
Leonidas Ram,lramc0@studiopress.com
Mada Cohalan,mcohalanc1@reuters.com
Keane Acott,kacottc2@csmonitor.com
Mirabelle Cray,mcrayc3@time.com
Sharyl Wortley,swortleyc4@dyndns.org
Reinaldos Treadgall,rtreadgallc5@cisco.com
Valeda Grenville,vgrenvillec6@unicef.org
Ronny Mahoney,rmahoneyc7@altervista.org
Krispin Foch,kfochc8@sogou.com
Carol-jean Noddle,cnoddlec9@redcross.org
Barbara Macro,bmacroca@eepurl.com
Brucie O'Corrigane,bocorriganecb@webmd.com
Maxim Tineman,mtinemancc@dedecms.com
Kitty Deane,kdeanecd@prlog.org
Kass Mounsey,kmounseyce@unc.edu
Courtenay Bletcher,cbletchercf@usgs.gov
Karrah Storer,kstorercg@seesaa.net
Yetta Challoner,ychallonerch@so-net.ne.jp
Lizette Baynes,lbaynesci@wikipedia.org
Massimo McGrale,mmcgralecj@cocolog-nifty.com
Giraldo Chafney,gchafneyck@nsw.gov.au
Neddie Allsebrook,nallsebrookcl@hostgator.com
Waly Uzelli,wuzellicm@mit.edu
Dody Water,dwatercn@google.com.au
Rog Hurrion,rhurrionco@harvard.edu
Maurie Woodroffe,mwoodroffecp@columbia.edu
Nina Gostridge,ngostridgecq@tuttocitta.it
Alan Libbey,alibbeycr@symantec.com
Gwendolen Langdridge,glangdridgecs@vkontakte.ru
Gina Boeck,gboeckct@dell.com
Milty Costello,mcostellocu@360.cn
Irene Comberbeach,icomberbeachcv@macromedia.com
Druci Leadstone,dleadstonecw@businessinsider.com
Ronalda Sprigin,rsprigincx@umich.edu
Monica Basilio,mbasiliocy@github.io
Micheal Tanzer,mtanzercz@t-online.de
Fredrick Daniello,fdaniellod0@xinhuanet.com
Mose Pfaff,mpfaffd1@ed.gov
Frieda Darby,fdarbyd2@deliciousdays.com
Orelle Labadini,olabadinid3@sina.com.cn
Anne-marie Rodd,aroddd4@zimbio.com
Ally Densey,adenseyd5@scribd.com
Goldy Champneys,gchampneysd6@go.com
Boone Helleker,bhellekerd7@icio.us
Grace Kane,gkaned8@devhub.com
Errick Dinan,edinand9@jalbum.net
Jenelle Hugle,jhugleda@wired.com
Anna-diana Hebburn,ahebburndb@wordpress.com
Alphonso Rowler,arowlerdc@hhs.gov
Melly Fossord,mfossorddd@umn.edu
Conway Leon,cleonde@google.com
Midge Wooff,mwooffdf@hexun.com
Briney Iskov,biskovdg@example.com
Ingelbert Saylor,isaylordh@zimbio.com
Sarena De La Haye,sdedi@yahoo.com
Marlane Burel,mbureldj@smh.com.au
Georgeanna Bragge,gbraggedk@123-reg.co.uk
Julio Caldera,jcalderadl@imgur.com
Dacey Cocozza,dcocozzadm@irs.gov
Adrienne Guerrero,aguerrerodn@berkeley.edu
Svend Franzetti,sfranzettido@wsj.com
Ford Arunowicz,farunowiczdp@si.edu
Charo Varns,cvarnsdq@unesco.org
Chaddy Smetoun,csmetoundr@1und1.de
Allister O'Donoghue,aodonoghueds@pagesperso-orange.fr
Bev Elsdon,belsdondt@angelfire.com
Dorie Keepin,dkeepindu@oakley.com
Dilan Hertwell,dhertwelldv@nationalgeographic.com
Corabelle McQuaid,cmcquaiddw@army.mil
Emmalynn Bome,ebomedx@dailymail.co.uk
Averil O'Spellissey,aospellisseydy@tumblr.com
Delila Terrazzo,dterrazzodz@earthlink.net
Cecilius Humphries,chumphriese0@answers.com
Nicolais Palley,npalleye1@addthis.com
Jillana Filyashin,jfilyashine2@ezinearticles.com
Elfreda Espadas,eespadase3@cbc.ca
Brit Boost,bbooste4@ucoz.ru
Robby Gartan,rgartane5@topsy.com
Tiphany Delmage,tdelmagee6@taobao.com
Dyana Tremblet,dtremblete7@amazonaws.com
Doralin Calder,dcaldere8@altervista.org
Ingram Argue,iarguee9@dagondesign.com
Armando Ilden,aildenea@simplemachines.org
Rickert Swinburn,rswinburneb@google.it
Orly Gateman,ogatemanec@flickr.com
Shell Bullent,sbullented@intel.com
Henrieta Kernan,hkernanee@businessinsider.com
Leonardo Drohun,ldrohunef@imgur.com
Rolando MacAne,rmacaneeg@mediafire.com
Freddie Clardge,fclardgeeh@craigslist.org
Hadley Beswell,hbeswellei@behance.net
Pauline Putman,pputmanej@unesco.org
Reese Chillingsworth,rchillingsworthek@slashdot.org
Nelli Killen,nkillenel@netvibes.com
Aida Capener,acapenerem@apple.com
Marley Francescone,mfrancesconeen@gov.uk
Cassandra Wannop,cwannopeo@bloomberg.com
Claudelle Triggol,ctriggolep@msu.edu
Corty Binnall,cbinnalleq@plala.or.jp
Merline Baldacchi,mbaldacchier@1und1.de
Hedda Lathwell,hlathwelles@arizona.edu
Ignacio Petchell,ipetchellet@wordpress.org
Quinn Clemmens,qclemmenseu@typepad.com
Yuma Aucutt,yaucuttev@apache.org
Torrin Roloff,troloffew@sakura.ne.jp
Tanney Grzegorek,tgrzegorekex@unblog.fr
Mikel Henrie,mhenrieey@google.it
Andrei Parfitt,aparfittez@newsvine.com
Corey De Giorgi,cdef0@i2i.jp
Melisenda Wentworth,mwentworthf1@time.com
Harriott Skilton,hskiltonf2@studiopress.com
Sibby Dicky,sdickyf3@ucsd.edu
Vernice Grierson,vgriersonf4@studiopress.com
Fayre Pettifer,fpettiferf5@utexas.edu
Trina Planks,tplanksf6@elpais.com
Portie Kornousek,pkornousekf7@1688.com
Ibrahim Antonazzi,iantonazzif8@army.mil
Karleen Simonsson,ksimonssonf9@ask.com
Justinian Reely,jreelyfa@moonfruit.com
Elnar Growy,egrowyfb@squarespace.com
Cinda Pates,cpatesfc@histats.com
Josiah Musslewhite,jmusslewhitefd@usa.gov
Ruthy Illsley,rillsleyfe@pen.io
Chad Rotte,crotteff@ovh.net
Lucho Woolens,lwoolensfg@msu.edu
Tedd Smithyman,tsmithymanfh@nytimes.com
Timi Forten,tfortenfi@whitehouse.gov
Renee Brunsdon,rbrunsdonfj@nih.gov
Maxie Siley,msileyfk@telegraph.co.uk
Renee Glasscoe,rglasscoefl@whitehouse.gov
Merrielle Onians,moniansfm@goo.gl
Rey Skitteral,rskitteralfn@printfriendly.com
Bernetta Picheford,bpichefordfo@dell.com
Shannon Pettengell,spettengellfp@cpanel.net
Lindon Munroe,lmunroefq@washingtonpost.com
Sauncho Belward,sbelwardfr@vistaprint.com
Dre Danet,ddanetfs@latimes.com
Kahlil Milmore,kmilmoreft@shutterfly.com
Alisun Hodgon,ahodgonfu@deviantart.com
Rana Calbaithe,rcalbaithefv@discovery.com
Vinita Penke,vpenkefw@mac.com
Ricardo Wellsman,rwellsmanfx@blogs.com
Kellsie Ramirez,kramirezfy@craigslist.org
Ferdie Roebuck,froebuckfz@comsenz.com
Aloysia Shoppee,ashoppeeg0@soundcloud.com
Terra Meyrick,tmeyrickg1@hc360.com
Angus Scoates,ascoatesg2@homestead.com
Anastasia Zanussii,azanussiig3@skyrock.com
Gabe McClelland,gmcclellandg4@dot.gov
Marie Lurriman,mlurrimang5@behance.net
Halette Abramov,habramovg6@springer.com
Etan Helleker,ehellekerg7@guardian.co.uk
Guthrey Goghin,ggoghing8@loc.gov
Kathlin Roston,krostong9@bbb.org
Kasey Revett,krevettga@amazon.co.jp
Guinevere Trevethan,gtrevethangb@europa.eu
Fabian Alcido,falcidogc@addthis.com
Chic Crumley,ccrumleygd@google.nl
Eward Finlaison,efinlaisonge@posterous.com
Bruis Forsey,bforseygf@blogs.com
Joli Inger,jingergg@com.com
Vinson Pruvost,vpruvostgh@newsvine.com
Noelyn Hackwell,nhackwellgi@yolasite.com
Kenn Elcombe,kelcombegj@cnbc.com
Marcella Allberry,mallberrygk@statcounter.com
Jeannine Sellar,jsellargl@goo.gl
Kristel Pennycook,kpennycookgm@multiply.com
Hanna Bannerman,hbannermangn@salon.com
Constance Kinrade,ckinradego@discuz.net
Idell Marfell,imarfellgp@washingtonpost.com
Malina Hambright,mhambrightgq@alexa.com
Sergent Birdsey,sbirdseygr@sogou.com
Kienan Lartice,klarticegs@geocities.com
Nanci Halversen,nhalversengt@vistaprint.com
Jeannette Janusik,jjanusikgu@shinystat.com
Astrid Magne,amagnegv@rambler.ru
Tuckie Romanet,tromanetgw@wisc.edu
Ricca Kermitt,rkermittgx@sakura.ne.jp
Parry Louis,plouisgy@washington.edu
Barnard Sporton,bsportongz@sina.com.cn
Jo Neasham,jneashamh0@cyberchimps.com
Keefer Sebright,ksebrighth1@wired.com
Chrissie Joust,cjousth2@godaddy.com
Drucill Prugel,dprugelh3@meetup.com
Carolann Tromans,ctromansh4@marriott.com
Teena Gogarty,tgogartyh5@biblegateway.com
Gibb Rosenfelder,grosenfelderh6@github.io
Viki Solon,vsolonh7@vk.com
Berte Woolaghan,bwoolaghanh8@photobucket.com
Annabela Acome,aacomeh9@accuweather.com
Mariele Golding,mgoldingha@engadget.com
Brunhilde Iskow,biskowhb@lulu.com
Kimberly Jurick,kjurickhc@apple.com
Codie Dodman,cdodmanhd@engadget.com
Toby Pittam,tpittamhe@merriam-webster.com
Michell Freemantle,mfreemantlehf@ifeng.com
Dur Hockell,dhockellhg@de.vu
Davida Towll,dtowllhh@is.gd
Emalee Frandsen,efrandsenhi@cocolog-nifty.com
Darb Pawelec,dpawelechj@biblegateway.com
Dee dee Mantram,ddeehk@google.com.au
Fletcher Bundy,fbundyhl@latimes.com
Guillermo Pile,gpilehm@people.com.cn
Floria McClosh,fmccloshhn@toplist.cz
Packston Pickburn,ppickburnho@alexa.com
Rianon Robiou,rrobiouhp@slate.com
Gill Easum,geasumhq@dot.gov
Harcourt Bowles,hbowleshr@tumblr.com
Polly Schwandner,pschwandnerhs@google.com.hk
Bernarr Mawdsley,bmawdsleyht@ovh.net
Wilden Batcock,wbatcockhu@rambler.ru
Alicia Vitte,avittehv@rakuten.co.jp
Aldrich Hull,ahullhw@va.gov
Willamina Chavey,wchaveyhx@dmoz.org
Cameron Compson,ccompsonhy@thetimes.co.uk
Theresita Duchenne,tduchennehz@dell.com
Zoe Whiscard,zwhiscardi0@tripadvisor.com
Christie Chicchelli,cchicchellii1@disqus.com
Dory Ungerer,dungereri2@aboutads.info
Dana Fleischmann,dfleischmanni3@bluehost.com
Aviva Cobelli,acobellii4@nature.com
Montague Dallin,mdallini5@slashdot.org
Linzy Collymore,lcollymorei6@people.com.cn
Boigie Dalman,bdalmani7@domainmarket.com
Harriett Dizlie,hdizliei8@acquirethisname.com
Stafford Claye,sclayei9@hostgator.com
Welsh Barttrum,wbarttrumia@fastcompany.com
Rutledge Klimkovich,rklimkovichib@weebly.com
Catlee Lambotin,clambotinic@ebay.com
Harlin Clemett,hclemettid@ft.com
Emmy Severwright,eseverwrightie@epa.gov
Jacinda Probetts,jprobettsif@biblegateway.com
Camey Gorger,cgorgerig@tiny.cc
Arin Klaaassen,aklaaassenih@microsoft.com
Kariotta Nealon,knealonii@miitbeian.gov.cn
Husain Mearing,hmearingij@purevolume.com
Gordan Carrier,gcarrierik@sina.com.cn
Moore Roset,mrosetil@wikipedia.org
Gabby Atterbury,gatterburyim@liveinternet.ru
Donalt Longstaffe,dlongstaffein@umich.edu
Ruggiero Slingsby,rslingsbyio@nationalgeographic.com
Concettina Gery,cgeryip@tiny.cc
Eda Sillett,esillettiq@e-recht24.de
Meredeth Waddilove,mwaddiloveir@google.com.hk
Ancell Barnewell,abarnewellis@redcross.org
Monique Mogra,mmograit@blogspot.com
Eustacia Graveney,egraveneyiu@printfriendly.com
Ermanno Islip,eislipiv@huffingtonpost.com
Gabriel Boreham,gborehamiw@google.ca
Amalia Grute,agruteix@fema.gov
Gris Figurski,gfigurskiiy@oracle.com
Eada McCarlie,emccarlieiz@amazon.co.uk
Oates Fulstow,ofulstowj0@fc2.com
Patric Edmeads,pedmeadsj1@photobucket.com
Alessandro Antonovic,aantonovicj2@si.edu
Rahel Simm,rsimmj3@issuu.com
Mariska Klesse,mklessej4@mapy.cz
Cloe Whittlesea,cwhittleseaj5@engadget.com
Fremont Pettegre,fpettegrej6@yolasite.com
Arnaldo Glenny,aglennyj7@posterous.com
Valaria Poxson,vpoxsonj8@ucoz.com
Karalee Fleury,kfleuryj9@msu.edu
Harmonia Wrathmall,hwrathmallja@google.com
Loralyn Mushett,lmushettjb@uiuc.edu
Curcio Phipps,cphippsjc@msu.edu
Neil Honeyghan,nhoneyghanjd@nationalgeographic.com
Manon Berrick,mberrickje@ameblo.jp
Lin Flitcroft,lflitcroftjf@yolasite.com
Mitchael Corgenvin,mcorgenvinjg@jalbum.net
Addy Springett,aspringettjh@shop-pro.jp
Reinaldo Petken,rpetkenji@adobe.com
Midge Apps,mappsjj@wikia.com
Sigismondo Critten,scrittenjk@nasa.gov
Sybyl Aukland,sauklandjl@google.cn
Jania Swainson,jswainsonjm@scribd.com
Rollin Serfati,rserfatijn@uol.com.br
Alverta Englishby,aenglishbyjo@technorati.com
Karlotta Tittletross,ktittletrossjp@wiley.com
Henrieta Boulden,hbouldenjq@wikipedia.org
Luella Riccardi,lriccardijr@acquirethisname.com
Cherice Possek,cpossekjs@sitemeter.com
Lenci Liddy,lliddyjt@psu.edu
Niki Leah,nleahju@creativecommons.org
Enos Daily,edailyjv@pcworld.com
Sheree Nerval,snervaljw@umich.edu
Xerxes Allcott,xallcottjx@360.cn
Olivia Lantiff,olantiffjy@google.ca
Grannie Pretor,gpretorjz@epa.gov
Orelia Allenson,oallensonk0@ehow.com
Mildred Schonfeld,mschonfeldk1@networksolutions.com
Libbey Godar,lgodark2@moonfruit.com
Lyman Beattie,lbeattiek3@tripadvisor.com
Silvano Risdall,srisdallk4@discovery.com
Corbett O'Hegertie,cohegertiek5@issuu.com
Fina Askew,faskewk6@whitehouse.gov
Hatti Halsworth,hhalsworthk7@imgur.com
Guy Pearl,gpearlk8@opensource.org
Sterling Feaveryear,sfeaveryeark9@un.org
Alvina Foresight,aforesightka@biglobe.ne.jp
Lisette Patria,lpatriakb@yahoo.com
Vittoria Fitzgerald,vfitzgeraldkc@usgs.gov
Issi Grcic,igrcickd@dailymotion.com
Willi Saiger,wsaigerke@sciencedaily.com
Madelaine Baggarley,mbaggarleykf@de.vu
Karmen Vern,kvernkg@mit.edu
Gert Tweedie,gtweediekh@nsw.gov.au
Blithe Kleinhaus,bkleinhauski@booking.com
Misha McLise,mmclisekj@fc2.com
Shannon Silcox,ssilcoxkk@marketwatch.com
Jackson Faughny,jfaughnykl@paypal.com
Kissiah Decourt,kdecourtkm@nasa.gov
Arly Matusovsky,amatusovskykn@imgur.com
Derward McCarney,dmccarneyko@printfriendly.com
Claiborne Schwandermann,cschwandermannkp@cafepress.com
Geri De Bruijn,gdekq@nymag.com
Alyce MacKeever,amackeeverkr@devhub.com
Juline Craighead,jcraigheadks@imageshack.us
Velvet Oulett,voulettkt@usa.gov
Ernesta Wrightham,ewrighthamku@weibo.com
Eric Digby,edigbykv@nature.com
Almeta Jerzycowski,ajerzycowskikw@earthlink.net
Kerstin Dunstan,kdunstankx@unicef.org
Boyd Balassa,bbalassaky@europa.eu
Doyle Pashan,dpashankz@vistaprint.com
Alessandro Biggar,abiggarl0@businesswire.com
Valaria McKeney,vmckeneyl1@istockphoto.com
Marshall Vause,mvausel2@google.cn
Kerry Bycraft,kbycraftl3@loc.gov
Karoly Veque,kvequel4@ucsd.edu
Celinka Caines,ccainesl5@cpanel.net
Tessie Alvey,talveyl6@cloudflare.com
Rudolf Risdale,rrisdalel7@opensource.org
Haleigh Keetley,hkeetleyl8@privacy.gov.au
Bradan Humpherson,bhumphersonl9@github.io
Gunner Turvey,gturveyla@illinois.edu
Arabel Dullard,adullardlb@ebay.co.uk
Rosana Loxton,rloxtonlc@princeton.edu
Cathyleen Foro,cforold@xing.com
Corabella Ramsay,cramsayle@psu.edu
Ainsley Murrigans,amurriganslf@youtube.com
Dedie Kencott,dkencottlg@goo.gl
Lillis Voak,lvoaklh@freewebs.com
Rosamund Edinborough,redinboroughli@liveinternet.ru
Karia Masters,kmasterslj@jalbum.net
Tate Casper,tcasperlk@fastcompany.com
Cos MacGhee,cmacgheell@pcworld.com
Bibbie Jacobs,bjacobslm@nytimes.com
Shawn Kapelhoff,skapelhoffln@discovery.com
Claiborn Hepher,chepherlo@slideshare.net
Milli Vaszoly,mvaszolylp@so-net.ne.jp
Ronny Ligoe,rligoelq@tamu.edu
Lindie Attyeo,lattyeolr@google.ru
Alina Collinwood,acollinwoodls@ezinearticles.com
Henrie Stanlike,hstanlikelt@macromedia.com
Cosme Houlworth,choulworthlu@skyrock.com
Leese Cunningham,lcunninghamlv@elpais.com
Kaja Callway,kcallwaylw@fastcompany.com
Staford De Gregoli,sdelx@icq.com
Orelle Fosdike,ofosdikely@nature.com
Lilas Buchett,lbuchettlz@alibaba.com
Neill Feye,nfeyem0@moonfruit.com
Kimbra Askam,kaskamm1@moonfruit.com
Tracey Prahl,tprahlm2@mozilla.com
Eberhard Kellie,ekelliem3@weibo.com
Percy Nurden,pnurdenm4@earthlink.net
Fanni Murkus,fmurkusm5@redcross.org
Marchall Ludwell,mludwellm6@salon.com
Myer Matzl,mmatzlm7@creativecommons.org
Krystal Mac Geaney,kmacm8@google.com.hk
Wylie Cleverley,wcleverleym9@google.nl
Corrianne Dye,cdyema@taobao.com
Tallia Took,ttookmb@seesaa.net
Dennis Ilett,dilettmc@creativecommons.org
Ryun Baitson,rbaitsonmd@yahoo.com
Aidan Rubinivitz,arubinivitzme@bloglovin.com
Les Bonnick,lbonnickmf@purevolume.com
Nickolas Lockless,nlocklessmg@naver.com
Doy Benbrick,dbenbrickmh@youtu.be
Cammi Murden,cmurdenmi@mapquest.com
Lisette McLenahan,lmclenahanmj@patch.com
Arielle Passler,apasslermk@cbslocal.com
Cordell Groombridge,cgroombridgeml@free.fr
Jerry Spottiswoode,jspottiswoodemm@washington.edu
Rustie Mahaddie,rmahaddiemn@cdc.gov
Kenton Druce,kdrucemo@unicef.org
Isac Snowman,isnowmanmp@friendfeed.com
Alisa MacAllen,amacallenmq@arstechnica.com
Klara McCrudden,kmccruddenmr@engadget.com
Marcelo Tedorenko,mtedorenkoms@baidu.com
Andrei Ferreres,aferreresmt@tinyurl.com
Sianna Sumbler,ssumblermu@friendfeed.com
Dolorita Chessman,dchessmanmv@multiply.com
Orbadiah McBride,omcbridemw@fotki.com
Tedmund Traut,ttrautmx@apple.com
Marijn Laroux,mlarouxmy@eventbrite.com
Nani Evreux,nevreuxmz@businessinsider.com
Catlee Boxen,cboxenn0@usnews.com
Antonella Larcier,alarciern1@nyu.edu
Wash Wannell,wwannelln2@slideshare.net
Antonin Buckthorpe,abuckthorpen3@archive.org
Alyse Belitz,abelitzn4@wisc.edu
Lanny Kilian,lkiliann5@flavors.me
Gene Measom,gmeasomn6@hibu.com
Arlyn Maccrie,amaccrien7@elegantthemes.com
Gay Pagram,gpagramn8@cafepress.com
Nilson Annets,nannetsn9@wufoo.com
Tully Keppe,tkeppena@amazon.com
Marci Piffe,mpiffenb@opera.com
Niko Amberg,nambergnc@skype.com
Daisie MacArthur,dmacarthurnd@merriam-webster.com
Jolynn Clipsham,jclipshamne@digg.com
Isabel Guirau,iguiraunf@sitemeter.com
Rutledge Grimsley,rgrimsleyng@noaa.gov
Ines Gellately,igellatelynh@netscape.com
Leigh Merton,lmertonni@businessweek.com
Morie Clementel,mclementelnj@sciencedirect.com
Isak McAmish,imcamishnk@friendfeed.com
Dominica Radleigh,dradleighnl@printfriendly.com
Mil Swanger,mswangernm@fda.gov
Lief Pizzie,lpizzienn@ask.com
Elvina Pape,epapeno@usatoday.com
Lenna Farman,lfarmannp@wikispaces.com
Magdalena Yakovich,myakovichnq@un.org
Silvie Whyley,swhyleynr@reverbnation.com
Morry Reedshaw,mreedshawns@jiathis.com
Yvette Scaddon,yscaddonnt@biglobe.ne.jp
Reina Loughman,rloughmannu@sohu.com
Cher De Angelis,cdenv@wisc.edu
Hercules Irce,hircenw@google.com.br
Meridith Glossup,mglossupnx@washington.edu
Faina Brassill,fbrassillny@naver.com
Randi Jorin,rjorinnz@ftc.gov
Terencio Frances,tfranceso0@who.int
Wynn Swyne,wswyneo1@unesco.org
Kristin Locock,klococko2@gravatar.com
Dottie Pixton,dpixtono3@elegantthemes.com
Frannie Callard,fcallardo4@deviantart.com
Crawford Selby,cselbyo5@cnet.com
Sheba Mc Menamin,smco6@webmd.com
Merrick Sadry,msadryo7@stumbleupon.com
Gail Itzkov,gitzkovo8@cyberchimps.com
Caprice Bodycombe,cbodycombeo9@e-recht24.de
Jeri Ofener,jofeneroa@bandcamp.com
Collin Oylett,coylettob@rediff.com
Wendel Bowle,wbowleoc@dyndns.org
Kelcy Roderigo,kroderigood@theguardian.com
Elysha Choulerton,echoulertonoe@ebay.com
Margi Ambrosio,mambrosioof@acquirethisname.com
Willie Fennelly,wfennellyog@xinhuanet.com
Fidel Toten,ftotenoh@cyberchimps.com
Grissel Ysson,gyssonoi@behance.net
Dominique Slorach,dslorachoj@zdnet.com
Anton Charpin,acharpinok@hud.gov
Chastity Lucks,clucksol@nba.com
Constancia MacKomb,cmackombom@flavors.me
Zaria Randalston,zrandalstonon@surveymonkey.com
Sandy Bollis,sbollisoo@weebly.com
Romola Sare,rsareop@posterous.com
Bryanty McFadden,bmcfaddenoq@hibu.com
Aldwin Baskeyfied,abaskeyfiedor@liveinternet.ru
Caterina Karolowski,ckarolowskios@odnoklassniki.ru
Lorne Klewer,lklewerot@istockphoto.com
Glen Broadhead,gbroadheadou@tamu.edu
Friederike Siuda,fsiudaov@statcounter.com
Aggie Ducker,aduckerow@merriam-webster.com
Clea Stutt,cstuttox@dailymail.co.uk
Blakeley De Hailes,bdeoy@ocn.ne.jp
Nicol Bozward,nbozwardoz@yale.edu
Lon Iston,listonp0@deliciousdays.com
Bryon Barbery,bbarberyp1@lycos.com
Mayne Gaffney,mgaffneyp2@hostgator.com
Mallorie Edmott,medmottp3@taobao.com
Trudi Sapson,tsapsonp4@blogtalkradio.com
Jae Marron,jmarronp5@php.net
Sammy Coalburn,scoalburnp6@gmpg.org
Tate Diplock,tdiplockp7@dot.gov
Pacorro Jarnell,pjarnellp8@opensource.org
Suzanne Cubley,scubleyp9@oracle.com
Meta Ciardo,mciardopa@rambler.ru
Dag Cumpton,dcumptonpb@google.com
Fitzgerald Emlyn,femlynpc@google.cn
Elberta Code,ecodepd@tripod.com
Bernadette Dumbarton,bdumbartonpe@webnode.com
Gallagher Abbotts,gabbottspf@sourceforge.net
Mari Knowling,mknowlingpg@virginia.edu
Linnea Hugonnet,lhugonnetph@newsvine.com
Gretel Pulteneye,gpulteneyepi@photobucket.com
Jo Camblin,jcamblinpj@mozilla.org
Nita Reignould,nreignouldpk@jimdo.com
Ynes Danilyak,ydanilyakpl@hexun.com
Julietta Menary,jmenarypm@deviantart.com
Erminie Robjant,erobjantpn@pcworld.com
Valera Sailor,vsailorpo@apple.com
Katya Normanvell,knormanvellpp@dell.com
Yancy Vick,yvickpq@census.gov
Aubrey Karlik,akarlikpr@sohu.com
Roley Casement,rcasementps@paypal.com
Hernando Riediger,hriedigerpt@deviantart.com
Claudian Rowatt,crowattpu@vinaora.com
Ignace Peyto,ipeytopv@nationalgeographic.com
Pooh Gabotti,pgabottipw@sitemeter.com
Chickie Ionesco,cionescopx@i2i.jp
Margeaux Vanderson,mvandersonpy@dagondesign.com
Willette Kirkman,wkirkmanpz@ning.com
Misty Ferrolli,mferrolliq0@vkontakte.ru
Latashia Chilcott,lchilcottq1@studiopress.com
Elwood Sibson,esibsonq2@squidoo.com
Brandon Caddie,bcaddieq3@eventbrite.com
Billie Lanston,blanstonq4@msn.com
Nollie Glantz,nglantzq5@prlog.org
Marven Igo,migoq6@toplist.cz
Fara Bachs,fbachsq7@discovery.com
Alane Barbisch,abarbischq8@51.la
Danell Waplington,dwaplingtonq9@rakuten.co.jp
Zorine Hewell,zhewellqa@qq.com
Bethany Dickons,bdickonsqb@cnet.com
Lauren Bulstrode,lbulstrodeqc@privacy.gov.au
Drud Sleeman,dsleemanqd@cargocollective.com
Holmes Hanlin,hhanlinqe@pcworld.com
Alyss Evershed,aevershedqf@cornell.edu
Wes Cheales,wchealesqg@ihg.com
Tammy Durand,tdurandqh@ebay.com
Sunny Frith,sfrithqi@cloudflare.com
Carmelia Croucher,ccroucherqj@blogspot.com
Bertrand Popworth,bpopworthqk@digg.com
Aveline Serridge,aserridgeql@macromedia.com
Glory Gallehawk,ggallehawkqm@sourceforge.net
Danya Hardison,dhardisonqn@twitpic.com
Padraic Stuart,pstuartqo@people.com.cn
Ester Jerratsch,ejerratschqp@com.com
Perkin Eronie,peronieqq@cdc.gov
Ogdan Drees,odreesqr@macromedia.com
Clive Kelloway,ckellowayqs@ow.ly
Crysta Tollow,ctollowqt@over-blog.com
Tabby Mettrick,tmettrickqu@earthlink.net
Wilmar Spinello,wspinelloqv@reference.com
Esta Lorenzetti,elorenzettiqw@accuweather.com
Shanta Vance,svanceqx@xinhuanet.com
Pansy Kaiser,pkaiserqy@tinyurl.com
Rebe Damiata,rdamiataqz@myspace.com
Lisette Gittis,lgittisr0@psu.edu
Towny Barrell,tbarrellr1@reference.com
Florette Krysztofiak,fkrysztofiakr2@google.fr
Elton Vynoll,evynollr3@accuweather.com
Ari Norker,anorkerr4@ihg.com
Renaud Rickaert,rrickaertr5@imageshack.us
Nari Holywell,nholywellr6@prweb.com
Modesta Fforde,mfforder7@friendfeed.com
Chrotoem Greenrod,cgreenrodr8@weather.com
Laurella Hurrion,lhurrionr9@about.com
Sonya Nussey,snusseyra@bing.com
Terri Biddulph,tbiddulphrb@amazonaws.com
Sharla Seers,sseersrc@toplist.cz
Marnia O'Leary,molearyrd@indiatimes.com
Risa Pendleton,rpendletonre@mozilla.com
Dorelia Gregori,dgregorirf@squarespace.com
Janifer Chavey,jchaveyrg@boston.com
Conrade Spinks,cspinksrh@mtv.com
Burton Folkerd,bfolkerdri@dmoz.org
Holmes Chadburn,hchadburnrj@washingtonpost.com
Wyndham Scrannage,wscrannagerk@thetimes.co.uk
Maxie Idiens,midiensrl@dot.gov
Minnnie Whiffin,mwhiffinrm@tamu.edu
Oliviero Thornber,othornberrn@mail.ru
Vin Stockin,vstockinro@myspace.com
Maggy Libbie,mlibbierp@sciencedaily.com
Krystal Tyrie,ktyrierq@comcast.net
Reeva Paulus,rpaulusrr@gravatar.com
